int,Key
0,0_1.25
1,1_1.25
2,2_1.25
3,3_1.25
4,4_1.25
5,5_1.25
6,6_1.25
7,7_1.25
8,8_1.25
9,9_1.25
10,10_1.25
11,11_1.25
12,12_1.25
13,13_1.25
14,14_1.25
15,15_1.25
16,16_1.25
17,17_1.25
18,18_1.25
19,19_1.25
20,20_1.25
21,21_1.25
22,22_1.25
23,23_1.25
24,24_1.25
25,25_1.25
26,26_1.25
27,27_1.25
28,28_1.25
29,29_1.25
30,30_1.25
31,31_1.25
32,32_1.25
33,33_1.25
34,34_1.25
35,35_1.25
36,36_1.25
37,37_1.25
38,38_1.25
39,39_1.25
40,40_1.25
41,41_1.25
42,42_1.25
43,43_1.25
44,44_1.25
45,45_1.25
46,46_1.25
47,47_1.25
48,48_1.25
49,49_1.25
50,50_1.25
